"","Id","ActivityDate","TotalSteps","TotalDistance","TrackerDistance","LoggedActivitiesDistance","VeryActiveMinutes","FairlyActiveMinutes","LightlyActiveMinutes","SedentaryMinutes","Calories","dfTime","stepsDistanceRatio","type","distance"
"1",1,"4/12/2016",13162,8.5,8.5,0,25,13,328,728,1985,2016-04-12,1548.47058823529,"VeryActiveDistance",1.87999999523163
"2",1,"4/12/2016",13162,8.5,8.5,0,25,13,328,728,1985,2016-04-12,1548.47058823529,"ModeratelyActiveDistance",0.550000011920929
"3",1,"4/12/2016",13162,8.5,8.5,0,25,13,328,728,1985,2016-04-12,1548.47058823529,"LightActiveDistance",6.05999994277954
"4",1,"4/12/2016",13162,8.5,8.5,0,25,13,328,728,1985,2016-04-12,1548.47058823529,"SedentaryActiveDistance",0
"5",2,"4/13/2016",10735,6.96999979019165,6.96999979019165,0,21,19,217,776,1797,2016-04-13,1540.17221278924,"VeryActiveDistance",1.57000005245209
"6",2,"4/13/2016",10735,6.96999979019165,6.96999979019165,0,21,19,217,776,1797,2016-04-13,1540.17221278924,"ModeratelyActiveDistance",0.689999997615814
"7",2,"4/13/2016",10735,6.96999979019165,6.96999979019165,0,21,19,217,776,1797,2016-04-13,1540.17221278924,"LightActiveDistance",4.71000003814697
"8",2,"4/13/2016",10735,6.96999979019165,6.96999979019165,0,21,19,217,776,1797,2016-04-13,1540.17221278924,"SedentaryActiveDistance",0
"9",3,"4/14/2016",10460,6.73999977111816,6.73999977111816,0,30,11,181,1218,1776,2016-04-14,1551.92883608432,"VeryActiveDistance",2.44000005722046
"10",3,"4/14/2016",10460,6.73999977111816,6.73999977111816,0,30,11,181,1218,1776,2016-04-14,1551.92883608432,"ModeratelyActiveDistance",0.400000005960464
"11",3,"4/14/2016",10460,6.73999977111816,6.73999977111816,0,30,11,181,1218,1776,2016-04-14,1551.92883608432,"LightActiveDistance",3.91000008583069
"12",3,"4/14/2016",10460,6.73999977111816,6.73999977111816,0,30,11,181,1218,1776,2016-04-14,1551.92883608432,"SedentaryActiveDistance",0
"13",4,"4/12/2016",8163,5.30999994277954,5.30999994277954,0,0,0,146,1294,1432,2016-04-12,1537.28815215901,"VeryActiveDistance",0
"14",4,"4/12/2016",8163,5.30999994277954,5.30999994277954,0,0,0,146,1294,1432,2016-04-12,1537.28815215901,"ModeratelyActiveDistance",0
"15",4,"4/12/2016",8163,5.30999994277954,5.30999994277954,0,0,0,146,1294,1432,2016-04-12,1537.28815215901,"LightActiveDistance",5.30999994277954
"16",4,"4/12/2016",8163,5.30999994277954,5.30999994277954,0,0,0,146,1294,1432,2016-04-12,1537.28815215901,"SedentaryActiveDistance",0
"17",5,"4/13/2016",7007,4.55000019073486,4.55000019073486,0,0,0,148,1292,1411,2016-04-13,1539.99993544359,"VeryActiveDistance",0
"18",5,"4/13/2016",7007,4.55000019073486,4.55000019073486,0,0,0,148,1292,1411,2016-04-13,1539.99993544359,"ModeratelyActiveDistance",0
"19",5,"4/13/2016",7007,4.55000019073486,4.55000019073486,0,0,0,148,1292,1411,2016-04-13,1539.99993544359,"LightActiveDistance",4.55000019073486
"20",5,"4/13/2016",7007,4.55000019073486,4.55000019073486,0,0,0,148,1292,1411,2016-04-13,1539.99993544359,"SedentaryActiveDistance",0
"21",6,"4/14/2016",9107,5.92000007629395,5.92000007629395,0,0,0,236,1204,1572,2016-04-14,1538.34457476919,"VeryActiveDistance",0
"22",6,"4/14/2016",9107,5.92000007629395,5.92000007629395,0,0,0,236,1204,1572,2016-04-14,1538.34457476919,"ModeratelyActiveDistance",0
"23",6,"4/14/2016",9107,5.92000007629395,5.92000007629395,0,0,0,236,1204,1572,2016-04-14,1538.34457476919,"LightActiveDistance",5.90999984741211
"24",6,"4/14/2016",9107,5.92000007629395,5.92000007629395,0,0,0,236,1204,1572,2016-04-14,1538.34457476919,"SedentaryActiveDistance",0.00999999977648258
"25",7,"4/12/2016",10694,7.76999998092651,7.76999998092651,0,2,51,256,1131,3199,2016-04-12,1376.31917969771,"VeryActiveDistance",0.140000000596046
"26",7,"4/12/2016",10694,7.76999998092651,7.76999998092651,0,2,51,256,1131,3199,2016-04-12,1376.31917969771,"ModeratelyActiveDistance",2.29999995231628
"27",7,"4/12/2016",10694,7.76999998092651,7.76999998092651,0,2,51,256,1131,3199,2016-04-12,1376.31917969771,"LightActiveDistance",5.32999992370605
"28",7,"4/12/2016",10694,7.76999998092651,7.76999998092651,0,2,51,256,1131,3199,2016-04-12,1376.31917969771,"SedentaryActiveDistance",0
"29",8,"4/13/2016",8001,5.82000017166138,5.82000017166138,0,30,16,135,1259,2902,2016-04-13,1374.7422274931,"VeryActiveDistance",2.27999997138977
"30",8,"4/13/2016",8001,5.82000017166138,5.82000017166138,0,30,16,135,1259,2902,2016-04-13,1374.7422274931,"ModeratelyActiveDistance",0.899999976158142
"31",8,"4/13/2016",8001,5.82000017166138,5.82000017166138,0,30,16,135,1259,2902,2016-04-13,1374.7422274931,"LightActiveDistance",2.64000010490417
"32",8,"4/13/2016",8001,5.82000017166138,5.82000017166138,0,30,16,135,1259,2902,2016-04-13,1374.7422274931,"SedentaryActiveDistance",0
"33",9,"4/14/2016",11037,8.02000045776367,8.02000045776367,0,5,58,252,1125,3226,2016-04-14,1376.18446010383,"VeryActiveDistance",0.360000014305115
"34",9,"4/14/2016",11037,8.02000045776367,8.02000045776367,0,5,58,252,1125,3226,2016-04-14,1376.18446010383,"ModeratelyActiveDistance",2.55999994277954
"35",9,"4/14/2016",11037,8.02000045776367,8.02000045776367,0,5,58,252,1125,3226,2016-04-14,1376.18446010383,"LightActiveDistance",5.09999990463257
"36",9,"4/14/2016",11037,8.02000045776367,8.02000045776367,0,5,58,252,1125,3226,2016-04-14,1376.18446010383,"SedentaryActiveDistance",0
"37",10,"4/12/2016",6697,4.42999982833862,4.42999982833862,0,0,0,339,1101,2030,2016-04-12,1511.73820756367,"VeryActiveDistance",0
"38",10,"4/12/2016",6697,4.42999982833862,4.42999982833862,0,0,0,339,1101,2030,2016-04-12,1511.73820756367,"ModeratelyActiveDistance",0
"39",10,"4/12/2016",6697,4.42999982833862,4.42999982833862,0,0,0,339,1101,2030,2016-04-12,1511.73820756367,"LightActiveDistance",4.42999982833862
"40",10,"4/12/2016",6697,4.42999982833862,4.42999982833862,0,0,0,339,1101,2030,2016-04-12,1511.73820756367,"SedentaryActiveDistance",0
"41",11,"4/13/2016",4929,3.25999999046326,3.25999999046326,0,0,0,248,1192,1860,2016-04-13,1511.96319460712,"VeryActiveDistance",0
"42",11,"4/13/2016",4929,3.25999999046326,3.25999999046326,0,0,0,248,1192,1860,2016-04-13,1511.96319460712,"ModeratelyActiveDistance",0
"43",11,"4/13/2016",4929,3.25999999046326,3.25999999046326,0,0,0,248,1192,1860,2016-04-13,1511.96319460712,"LightActiveDistance",3.25999999046326
"44",11,"4/13/2016",4929,3.25999999046326,3.25999999046326,0,0,0,248,1192,1860,2016-04-13,1511.96319460712,"SedentaryActiveDistance",0
"45",12,"4/14/2016",7937,5.25,5.25,0,0,0,373,843,2130,2016-04-14,1511.80952380952,"VeryActiveDistance",0
"46",12,"4/14/2016",7937,5.25,5.25,0,0,0,373,843,2130,2016-04-14,1511.80952380952,"ModeratelyActiveDistance",0
"47",12,"4/14/2016",7937,5.25,5.25,0,0,0,373,843,2130,2016-04-14,1511.80952380952,"LightActiveDistance",5.23000001907349
"48",12,"4/14/2016",7937,5.25,5.25,0,0,0,373,843,2130,2016-04-14,1511.80952380952,"SedentaryActiveDistance",0
"49",13,"4/12/2016",678,0.469999998807907,0.469999998807907,0,0,0,55,734,2220,2016-04-12,1442.55319514821,"VeryActiveDistance",0
"50",13,"4/12/2016",678,0.469999998807907,0.469999998807907,0,0,0,55,734,2220,2016-04-12,1442.55319514821,"ModeratelyActiveDistance",0
"51",13,"4/12/2016",678,0.469999998807907,0.469999998807907,0,0,0,55,734,2220,2016-04-12,1442.55319514821,"LightActiveDistance",0.469999998807907
"52",13,"4/12/2016",678,0.469999998807907,0.469999998807907,0,0,0,55,734,2220,2016-04-12,1442.55319514821,"SedentaryActiveDistance",0
"53",14,"4/13/2016",356,0.25,0.25,0,0,0,32,986,2151,2016-04-13,1424,"VeryActiveDistance",0
"54",14,"4/13/2016",356,0.25,0.25,0,0,0,32,986,2151,2016-04-13,1424,"ModeratelyActiveDistance",0
"55",14,"4/13/2016",356,0.25,0.25,0,0,0,32,986,2151,2016-04-13,1424,"LightActiveDistance",0.25
"56",14,"4/13/2016",356,0.25,0.25,0,0,0,32,986,2151,2016-04-13,1424,"SedentaryActiveDistance",0
"57",15,"4/14/2016",2163,1.5,1.5,0,0,9,88,1292,2383,2016-04-14,1442,"VeryActiveDistance",0
"58",15,"4/14/2016",2163,1.5,1.5,0,0,9,88,1292,2383,2016-04-14,1442,"ModeratelyActiveDistance",0.400000005960464
"59",15,"4/14/2016",2163,1.5,1.5,0,0,9,88,1292,2383,2016-04-14,1442,"LightActiveDistance",1.10000002384186
"60",15,"4/14/2016",2163,1.5,1.5,0,0,9,88,1292,2383,2016-04-14,1442,"SedentaryActiveDistance",0
"61",16,"4/12/2016",11875,8.34000015258789,8.34000015258789,0,42,14,227,1157,2390,2016-04-12,1423.86088522015,"VeryActiveDistance",3.30999994277954
"62",16,"4/12/2016",11875,8.34000015258789,8.34000015258789,0,42,14,227,1157,2390,2016-04-12,1423.86088522015,"ModeratelyActiveDistance",0.769999980926514
"63",16,"4/12/2016",11875,8.34000015258789,8.34000015258789,0,42,14,227,1157,2390,2016-04-12,1423.86088522015,"LightActiveDistance",4.26000022888184
"64",16,"4/12/2016",11875,8.34000015258789,8.34000015258789,0,42,14,227,1157,2390,2016-04-12,1423.86088522015,"SedentaryActiveDistance",0
"65",17,"4/13/2016",12024,8.5,8.5,0,43,5,292,1100,2601,2016-04-13,1414.58823529412,"VeryActiveDistance",2.99000000953674
"66",17,"4/13/2016",12024,8.5,8.5,0,43,5,292,1100,2601,2016-04-13,1414.58823529412,"ModeratelyActiveDistance",0.100000001490116
"67",17,"4/13/2016",12024,8.5,8.5,0,43,5,292,1100,2601,2016-04-13,1414.58823529412,"LightActiveDistance",5.40999984741211
"68",17,"4/13/2016",12024,8.5,8.5,0,43,5,292,1100,2601,2016-04-13,1414.58823529412,"SedentaryActiveDistance",0
"69",18,"4/14/2016",10690,7.5,7.5,0,32,3,257,1148,2312,2016-04-14,1425.33333333333,"VeryActiveDistance",2.48000001907349
"70",18,"4/14/2016",10690,7.5,7.5,0,32,3,257,1148,2312,2016-04-14,1425.33333333333,"ModeratelyActiveDistance",0.209999993443489
"71",18,"4/14/2016",10690,7.5,7.5,0,32,3,257,1148,2312,2016-04-14,1425.33333333333,"LightActiveDistance",4.82000017166138
"72",18,"4/14/2016",10690,7.5,7.5,0,32,3,257,1148,2312,2016-04-14,1425.33333333333,"SedentaryActiveDistance",0
"73",19,"4/12/2016",4414,2.74000000953674,2.74000000953674,0,3,8,181,706,1459,2016-04-12,1610.94889950248,"VeryActiveDistance",0.189999997615814
"74",19,"4/12/2016",4414,2.74000000953674,2.74000000953674,0,3,8,181,706,1459,2016-04-12,1610.94889950248,"ModeratelyActiveDistance",0.349999994039536
"75",19,"4/12/2016",4414,2.74000000953674,2.74000000953674,0,3,8,181,706,1459,2016-04-12,1610.94889950248,"LightActiveDistance",2.20000004768372
"76",19,"4/12/2016",4414,2.74000000953674,2.74000000953674,0,3,8,181,706,1459,2016-04-12,1610.94889950248,"SedentaryActiveDistance",0
"77",20,"4/13/2016",4993,3.09999990463257,3.09999990463257,0,0,0,238,663,1521,2016-04-13,1610.64521083971,"VeryActiveDistance",0
"78",20,"4/13/2016",4993,3.09999990463257,3.09999990463257,0,0,0,238,663,1521,2016-04-13,1610.64521083971,"ModeratelyActiveDistance",0
"79",20,"4/13/2016",4993,3.09999990463257,3.09999990463257,0,0,0,238,663,1521,2016-04-13,1610.64521083971,"LightActiveDistance",3.09999990463257
"80",20,"4/13/2016",4993,3.09999990463257,3.09999990463257,0,0,0,238,663,1521,2016-04-13,1610.64521083971,"SedentaryActiveDistance",0
"81",21,"4/14/2016",3335,2.0699999332428,2.0699999332428,0,0,0,197,653,1431,2016-04-14,1611.11116306921,"VeryActiveDistance",0
"82",21,"4/14/2016",3335,2.0699999332428,2.0699999332428,0,0,0,197,653,1431,2016-04-14,1611.11116306921,"ModeratelyActiveDistance",0
"83",21,"4/14/2016",3335,2.0699999332428,2.0699999332428,0,0,0,197,653,1431,2016-04-14,1611.11116306921,"LightActiveDistance",2.04999995231628
"84",21,"4/14/2016",3335,2.0699999332428,2.0699999332428,0,0,0,197,653,1431,2016-04-14,1611.11116306921,"SedentaryActiveDistance",0
"85",22,"4/12/2016",10725,7.48999977111816,7.48999977111816,0,13,9,306,1112,2124,2016-04-12,1431.90925603979,"VeryActiveDistance",1.16999995708466
"86",22,"4/12/2016",10725,7.48999977111816,7.48999977111816,0,13,9,306,1112,2124,2016-04-12,1431.90925603979,"ModeratelyActiveDistance",0.310000002384186
"87",22,"4/12/2016",10725,7.48999977111816,7.48999977111816,0,13,9,306,1112,2124,2016-04-12,1431.90925603979,"LightActiveDistance",6.01000022888184
"88",22,"4/12/2016",10725,7.48999977111816,7.48999977111816,0,13,9,306,1112,2124,2016-04-12,1431.90925603979,"SedentaryActiveDistance",0
"89",23,"4/13/2016",7275,4.90000009536743,4.90000009536743,0,0,0,335,1105,2003,2016-04-13,1484.69384865481,"VeryActiveDistance",0
"90",23,"4/13/2016",7275,4.90000009536743,4.90000009536743,0,0,0,335,1105,2003,2016-04-13,1484.69384865481,"ModeratelyActiveDistance",0
"91",23,"4/13/2016",7275,4.90000009536743,4.90000009536743,0,0,0,335,1105,2003,2016-04-13,1484.69384865481,"LightActiveDistance",4.90000009536743
"92",23,"4/13/2016",7275,4.90000009536743,4.90000009536743,0,0,0,335,1105,2003,2016-04-13,1484.69384865481,"SedentaryActiveDistance",0
"93",24,"4/14/2016",3973,2.6800000667572,2.6800000667572,0,0,0,191,1249,1696,2016-04-14,1482.4626496399,"VeryActiveDistance",0
"94",24,"4/14/2016",3973,2.6800000667572,2.6800000667572,0,0,0,191,1249,1696,2016-04-14,1482.4626496399,"ModeratelyActiveDistance",0
"95",24,"4/14/2016",3973,2.6800000667572,2.6800000667572,0,0,0,191,1249,1696,2016-04-14,1482.4626496399,"LightActiveDistance",2.6800000667572
"96",24,"4/14/2016",3973,2.6800000667572,2.6800000667572,0,0,0,191,1249,1696,2016-04-14,1482.4626496399,"SedentaryActiveDistance",0
"97",25,"4/12/2016",10113,6.82999992370605,6.82999992370605,0,28,13,320,964,2344,2016-04-12,1480.67351580768,"VeryActiveDistance",2
"98",25,"4/12/2016",10113,6.82999992370605,6.82999992370605,0,28,13,320,964,2344,2016-04-12,1480.67351580768,"ModeratelyActiveDistance",0.620000004768372
"99",25,"4/12/2016",10113,6.82999992370605,6.82999992370605,0,28,13,320,964,2344,2016-04-12,1480.67351580768,"LightActiveDistance",4.19999980926514
"100",25,"4/12/2016",10113,6.82999992370605,6.82999992370605,0,28,13,320,964,2344,2016-04-12,1480.67351580768,"SedentaryActiveDistance",0
"101",26,"4/13/2016",10352,7.01000022888184,7.01000022888184,0,19,32,195,676,2038,2016-04-13,1476.7474553494,"VeryActiveDistance",1.6599999666214
"102",26,"4/13/2016",10352,7.01000022888184,7.01000022888184,0,19,32,195,676,2038,2016-04-13,1476.7474553494,"ModeratelyActiveDistance",1.94000005722046
"103",26,"4/13/2016",10352,7.01000022888184,7.01000022888184,0,19,32,195,676,2038,2016-04-13,1476.7474553494,"LightActiveDistance",3.41000008583069
"104",26,"4/13/2016",10352,7.01000022888184,7.01000022888184,0,19,32,195,676,2038,2016-04-13,1476.7474553494,"SedentaryActiveDistance",0
"105",27,"4/14/2016",10129,6.69999980926514,6.69999980926514,0,1,48,206,705,2010,2016-04-14,1511.79108781362,"VeryActiveDistance",0.0199999995529652
"106",27,"4/14/2016",10129,6.69999980926514,6.69999980926514,0,1,48,206,705,2010,2016-04-14,1511.79108781362,"ModeratelyActiveDistance",2.74000000953674
"107",27,"4/14/2016",10129,6.69999980926514,6.69999980926514,0,1,48,206,705,2010,2016-04-14,1511.79108781362,"LightActiveDistance",3.94000005722046
"108",27,"4/14/2016",10129,6.69999980926514,6.69999980926514,0,1,48,206,705,2010,2016-04-14,1511.79108781362,"SedentaryActiveDistance",0
"109",28,"4/12/2016",8796,5.90999984741211,5.90999984741211,0,2,21,356,1061,1982,2016-04-12,1488.3249115229,"VeryActiveDistance",0.109999999403954
"110",28,"4/12/2016",8796,5.90999984741211,5.90999984741211,0,2,21,356,1061,1982,2016-04-12,1488.3249115229,"ModeratelyActiveDistance",0.930000007152557
"111",28,"4/12/2016",8796,5.90999984741211,5.90999984741211,0,2,21,356,1061,1982,2016-04-12,1488.3249115229,"LightActiveDistance",4.88000011444092
"112",28,"4/12/2016",8796,5.90999984741211,5.90999984741211,0,2,21,356,1061,1982,2016-04-12,1488.3249115229,"SedentaryActiveDistance",0
"113",29,"4/13/2016",7618,5.11999988555908,5.11999988555908,0,0,8,404,1028,2004,2016-04-13,1487.89065825695,"VeryActiveDistance",0
"114",29,"4/13/2016",7618,5.11999988555908,5.11999988555908,0,0,8,404,1028,2004,2016-04-13,1487.89065825695,"ModeratelyActiveDistance",0.219999998807907
"115",29,"4/13/2016",7618,5.11999988555908,5.11999988555908,0,0,8,404,1028,2004,2016-04-13,1487.89065825695,"LightActiveDistance",4.88000011444092
"116",29,"4/13/2016",7618,5.11999988555908,5.11999988555908,0,0,8,404,1028,2004,2016-04-13,1487.89065825695,"SedentaryActiveDistance",0.0199999995529652
"117",30,"4/14/2016",7910,5.32000017166138,5.32000017166138,0,0,0,331,1109,1893,2016-04-14,1486.84205728696,"VeryActiveDistance",0
"118",30,"4/14/2016",7910,5.32000017166138,5.32000017166138,0,0,0,331,1109,1893,2016-04-14,1486.84205728696,"ModeratelyActiveDistance",0
"119",30,"4/14/2016",7910,5.32000017166138,5.32000017166138,0,0,0,331,1109,1893,2016-04-14,1486.84205728696,"LightActiveDistance",5.32000017166138
"120",30,"4/14/2016",7910,5.32000017166138,5.32000017166138,0,0,0,331,1109,1893,2016-04-14,1486.84205728696,"SedentaryActiveDistance",0
"121",31,"4/12/2016",4747,3.24000000953674,3.24000000953674,0,0,0,280,1160,1788,2016-04-12,1465.12345247762,"VeryActiveDistance",0
"122",31,"4/12/2016",4747,3.24000000953674,3.24000000953674,0,0,0,280,1160,1788,2016-04-12,1465.12345247762,"ModeratelyActiveDistance",0
"123",31,"4/12/2016",4747,3.24000000953674,3.24000000953674,0,0,0,280,1160,1788,2016-04-12,1465.12345247762,"LightActiveDistance",3.23000001907349
"124",31,"4/12/2016",4747,3.24000000953674,3.24000000953674,0,0,0,280,1160,1788,2016-04-12,1465.12345247762,"SedentaryActiveDistance",0.00999999977648258
"125",32,"4/13/2016",9715,6.63000011444092,6.63000011444092,0,16,8,371,1045,2093,2016-04-13,1465.30917531051,"VeryActiveDistance",0.990000009536743
"126",32,"4/13/2016",9715,6.63000011444092,6.63000011444092,0,16,8,371,1045,2093,2016-04-13,1465.30917531051,"ModeratelyActiveDistance",0.340000003576279
"127",32,"4/13/2016",9715,6.63000011444092,6.63000011444092,0,16,8,371,1045,2093,2016-04-13,1465.30917531051,"LightActiveDistance",5.26999998092651
"128",32,"4/13/2016",9715,6.63000011444092,6.63000011444092,0,16,8,371,1045,2093,2016-04-13,1465.30917531051,"SedentaryActiveDistance",0.0199999995529652
"129",33,"4/14/2016",8844,6.03000020980835,6.03000020980835,0,6,25,370,1039,2065,2016-04-14,1466.66661563534,"VeryActiveDistance",0.340000003576279
"130",33,"4/14/2016",8844,6.03000020980835,6.03000020980835,0,6,25,370,1039,2065,2016-04-14,1466.66661563534,"ModeratelyActiveDistance",1.02999997138977
"131",33,"4/14/2016",8844,6.03000020980835,6.03000020980835,0,6,25,370,1039,2065,2016-04-14,1466.66661563534,"LightActiveDistance",4.65000009536743
"132",33,"4/14/2016",8844,6.03000020980835,6.03000020980835,0,6,25,370,1039,2065,2016-04-14,1466.66661563534,"SedentaryActiveDistance",0.00999999977648258
"133",34,"4/12/2016",8856,5.98000001907349,5.98000001907349,0,44,19,131,777,1450,2016-04-12,1480.93645012598,"VeryActiveDistance",3.05999994277954
"134",34,"4/12/2016",8856,5.98000001907349,5.98000001907349,0,44,19,131,777,1450,2016-04-12,1480.93645012598,"ModeratelyActiveDistance",0.910000026226044
"135",34,"4/12/2016",8856,5.98000001907349,5.98000001907349,0,44,19,131,777,1450,2016-04-12,1480.93645012598,"LightActiveDistance",2.00999999046326
"136",34,"4/12/2016",8856,5.98000001907349,5.98000001907349,0,44,19,131,777,1450,2016-04-12,1480.93645012598,"SedentaryActiveDistance",0
"137",35,"4/13/2016",10035,6.71000003814697,6.71000003814697,0,31,46,153,754,1495,2016-04-13,1495.52905260061,"VeryActiveDistance",2.02999997138977
"138",35,"4/13/2016",10035,6.71000003814697,6.71000003814697,0,31,46,153,754,1495,2016-04-13,1495.52905260061,"ModeratelyActiveDistance",2.13000011444092
"139",35,"4/13/2016",10035,6.71000003814697,6.71000003814697,0,31,46,153,754,1495,2016-04-13,1495.52905260061,"LightActiveDistance",2.54999995231628
"140",35,"4/13/2016",10035,6.71000003814697,6.71000003814697,0,31,46,153,754,1495,2016-04-13,1495.52905260061,"SedentaryActiveDistance",0
"141",36,"4/14/2016",7641,5.1100001335144,5.1100001335144,0,5,23,214,801,1433,2016-04-14,1495.3032877408,"VeryActiveDistance",0.319999992847443
"142",36,"4/14/2016",7641,5.1100001335144,5.1100001335144,0,5,23,214,801,1433,2016-04-14,1495.3032877408,"ModeratelyActiveDistance",0.970000028610229
"143",36,"4/14/2016",7641,5.1100001335144,5.1100001335144,0,5,23,214,801,1433,2016-04-14,1495.3032877408,"LightActiveDistance",3.8199999332428
"144",36,"4/14/2016",7641,5.1100001335144,5.1100001335144,0,5,23,214,801,1433,2016-04-14,1495.3032877408,"SedentaryActiveDistance",0
"145",37,"4/12/2016",8539,6.11999988555908,6.11999988555908,0,4,15,331,712,3654,2016-04-12,1395.26146399918,"VeryActiveDistance",0.150000005960464
"146",37,"4/12/2016",8539,6.11999988555908,6.11999988555908,0,4,15,331,712,3654,2016-04-12,1395.26146399918,"ModeratelyActiveDistance",0.239999994635582
"147",37,"4/12/2016",8539,6.11999988555908,6.11999988555908,0,4,15,331,712,3654,2016-04-12,1395.26146399918,"LightActiveDistance",5.67999982833862
"148",37,"4/12/2016",8539,6.11999988555908,6.11999988555908,0,4,15,331,712,3654,2016-04-12,1395.26146399918,"SedentaryActiveDistance",0
"149",38,"4/13/2016",0,0,0,0,0,0,0,1440,1981,2016-04-13,NA,"VeryActiveDistance",0
"150",38,"4/13/2016",0,0,0,0,0,0,0,1440,1981,2016-04-13,NA,"ModeratelyActiveDistance",0
"151",38,"4/13/2016",0,0,0,0,0,0,0,1440,1981,2016-04-13,NA,"LightActiveDistance",0
"152",38,"4/13/2016",0,0,0,0,0,0,0,1440,1981,2016-04-13,NA,"SedentaryActiveDistance",0
"153",39,"4/14/2016",108,0.0799999982118607,0.0799999982118607,0,0,0,3,1437,2011,2016-04-14,1350.00003017485,"VeryActiveDistance",0
"154",39,"4/14/2016",108,0.0799999982118607,0.0799999982118607,0,0,0,3,1437,2011,2016-04-14,1350.00003017485,"ModeratelyActiveDistance",0
"155",39,"4/14/2016",108,0.0799999982118607,0.0799999982118607,0,0,0,3,1437,2011,2016-04-14,1350.00003017485,"LightActiveDistance",0.0299999993294477
"156",39,"4/14/2016",108,0.0799999982118607,0.0799999982118607,0,0,0,3,1437,2011,2016-04-14,1350.00003017485,"SedentaryActiveDistance",0
"157",40,"4/12/2016",5394,4.03000020980835,4.03000020980835,0,0,0,164,1276,2286,2016-04-12,1338.46146877906,"VeryActiveDistance",0
"158",40,"4/12/2016",5394,4.03000020980835,4.03000020980835,0,0,0,164,1276,2286,2016-04-12,1338.46146877906,"ModeratelyActiveDistance",0
"159",40,"4/12/2016",5394,4.03000020980835,4.03000020980835,0,0,0,164,1276,2286,2016-04-12,1338.46146877906,"LightActiveDistance",3.94000005722046
"160",40,"4/12/2016",5394,4.03000020980835,4.03000020980835,0,0,0,164,1276,2286,2016-04-12,1338.46146877906,"SedentaryActiveDistance",0
"161",41,"4/13/2016",5974,4.46999979019165,4.46999979019165,0,0,0,160,1280,2306,2016-04-13,1336.46538711445,"VeryActiveDistance",0
"162",41,"4/13/2016",5974,4.46999979019165,4.46999979019165,0,0,0,160,1280,2306,2016-04-13,1336.46538711445,"ModeratelyActiveDistance",0
"163",41,"4/13/2016",5974,4.46999979019165,4.46999979019165,0,0,0,160,1280,2306,2016-04-13,1336.46538711445,"LightActiveDistance",4.36999988555908
"164",41,"4/13/2016",5974,4.46999979019165,4.46999979019165,0,0,0,160,1280,2306,2016-04-13,1336.46538711445,"SedentaryActiveDistance",0
"165",42,"4/14/2016",0,0,0,0,0,0,0,1440,1776,2016-04-14,NA,"VeryActiveDistance",0
"166",42,"4/14/2016",0,0,0,0,0,0,0,1440,1776,2016-04-14,NA,"ModeratelyActiveDistance",0
"167",42,"4/14/2016",0,0,0,0,0,0,0,1440,1776,2016-04-14,NA,"LightActiveDistance",0
"168",42,"4/14/2016",0,0,0,0,0,0,0,1440,1776,2016-04-14,NA,"SedentaryActiveDistance",0
"169",43,"4/12/2016",7753,5.19999980926514,5.19999980926514,0,0,0,0,1440,2115,2016-04-12,1490.96159314968,"VeryActiveDistance",0
"170",43,"4/12/2016",7753,5.19999980926514,5.19999980926514,0,0,0,0,1440,2115,2016-04-12,1490.96159314968,"ModeratelyActiveDistance",0
"171",43,"4/12/2016",7753,5.19999980926514,5.19999980926514,0,0,0,0,1440,2115,2016-04-12,1490.96159314968,"LightActiveDistance",0
"172",43,"4/12/2016",7753,5.19999980926514,5.19999980926514,0,0,0,0,1440,2115,2016-04-12,1490.96159314968,"SedentaryActiveDistance",0
"173",44,"4/13/2016",8204,5.5,5.5,0,8,15,96,1234,2135,2016-04-13,1491.63636363636,"VeryActiveDistance",0.529999971389771
"174",44,"4/13/2016",8204,5.5,5.5,0,8,15,96,1234,2135,2016-04-13,1491.63636363636,"ModeratelyActiveDistance",0.589999973773956
"175",44,"4/13/2016",8204,5.5,5.5,0,8,15,96,1234,2135,2016-04-13,1491.63636363636,"LightActiveDistance",1.30999994277954
"176",44,"4/13/2016",8204,5.5,5.5,0,8,15,96,1234,2135,2016-04-13,1491.63636363636,"SedentaryActiveDistance",0
"177",45,"4/14/2016",10210,6.88000011444092,6.88000011444092,0,1,9,339,589,2302,2016-04-14,1484.01160322214,"VeryActiveDistance",0.109999999403954
"178",45,"4/14/2016",10210,6.88000011444092,6.88000011444092,0,1,9,339,589,2302,2016-04-14,1484.01160322214,"ModeratelyActiveDistance",0.330000013113022
"179",45,"4/14/2016",10210,6.88000011444092,6.88000011444092,0,1,9,339,589,2302,2016-04-14,1484.01160322214,"LightActiveDistance",6.44000005722046
"180",45,"4/14/2016",10210,6.88000011444092,6.88000011444092,0,1,9,339,589,2302,2016-04-14,1484.01160322214,"SedentaryActiveDistance",0
"181",46,"4/12/2016",10122,7.78000020980835,7.78000020980835,0,0,0,0,1440,2955,2016-04-12,1301.02824254928,"VeryActiveDistance",0
"182",46,"4/12/2016",10122,7.78000020980835,7.78000020980835,0,0,0,0,1440,2955,2016-04-12,1301.02824254928,"ModeratelyActiveDistance",0
"183",46,"4/12/2016",10122,7.78000020980835,7.78000020980835,0,0,0,0,1440,2955,2016-04-12,1301.02824254928,"LightActiveDistance",0
"184",46,"4/12/2016",10122,7.78000020980835,7.78000020980835,0,0,0,0,1440,2955,2016-04-12,1301.02824254928,"SedentaryActiveDistance",0
"185",47,"4/13/2016",10993,8.44999980926514,8.44999980926514,0,1,14,150,1275,3092,2016-04-13,1300.94677492733,"VeryActiveDistance",0.0599999986588955
"186",47,"4/13/2016",10993,8.44999980926514,8.44999980926514,0,1,14,150,1275,3092,2016-04-13,1300.94677492733,"ModeratelyActiveDistance",0.629999995231628
"187",47,"4/13/2016",10993,8.44999980926514,8.44999980926514,0,1,14,150,1275,3092,2016-04-13,1300.94677492733,"LightActiveDistance",3.88000011444092
"188",47,"4/13/2016",10993,8.44999980926514,8.44999980926514,0,1,14,150,1275,3092,2016-04-13,1300.94677492733,"SedentaryActiveDistance",0
"189",48,"4/14/2016",8863,6.82000017166138,6.82000017166138,0,10,35,219,945,2998,2016-04-14,1299.56008459175,"VeryActiveDistance",0.129999995231628
"190",48,"4/14/2016",8863,6.82000017166138,6.82000017166138,0,10,35,219,945,2998,2016-04-14,1299.56008459175,"ModeratelyActiveDistance",1.07000005245209
"191",48,"4/14/2016",8863,6.82000017166138,6.82000017166138,0,10,35,219,945,2998,2016-04-14,1299.56008459175,"LightActiveDistance",5.61999988555908
"192",48,"4/14/2016",8863,6.82000017166138,6.82000017166138,0,10,35,219,945,2998,2016-04-14,1299.56008459175,"SedentaryActiveDistance",0
"193",49,"4/12/2016",3276,2.20000004768372,2.20000004768372,0,0,0,196,787,2113,2016-04-12,1489.09087681573,"VeryActiveDistance",0
"194",49,"4/12/2016",3276,2.20000004768372,2.20000004768372,0,0,0,196,787,2113,2016-04-12,1489.09087681573,"ModeratelyActiveDistance",0
"195",49,"4/12/2016",3276,2.20000004768372,2.20000004768372,0,0,0,196,787,2113,2016-04-12,1489.09087681573,"LightActiveDistance",2.20000004768372
"196",49,"4/12/2016",3276,2.20000004768372,2.20000004768372,0,0,0,196,787,2113,2016-04-12,1489.09087681573,"SedentaryActiveDistance",0
"197",50,"4/13/2016",2961,1.99000000953674,1.99000000953674,0,0,0,194,840,2095,2016-04-13,1487.93969136176,"VeryActiveDistance",0
"198",50,"4/13/2016",2961,1.99000000953674,1.99000000953674,0,0,0,194,840,2095,2016-04-13,1487.93969136176,"ModeratelyActiveDistance",0
"199",50,"4/13/2016",2961,1.99000000953674,1.99000000953674,0,0,0,194,840,2095,2016-04-13,1487.93969136176,"LightActiveDistance",1.99000000953674
"200",50,"4/13/2016",2961,1.99000000953674,1.99000000953674,0,0,0,194,840,2095,2016-04-13,1487.93969136176,"SedentaryActiveDistance",0
"201",51,"4/14/2016",3974,2.67000007629395,2.67000007629395,0,0,0,231,717,2194,2016-04-14,1488.38947057861,"VeryActiveDistance",0
"202",51,"4/14/2016",3974,2.67000007629395,2.67000007629395,0,0,0,231,717,2194,2016-04-14,1488.38947057861,"ModeratelyActiveDistance",0
"203",51,"4/14/2016",3974,2.67000007629395,2.67000007629395,0,0,0,231,717,2194,2016-04-14,1488.38947057861,"LightActiveDistance",2.67000007629395
"204",51,"4/14/2016",3974,2.67000007629395,2.67000007629395,0,0,0,231,717,2194,2016-04-14,1488.38947057861,"SedentaryActiveDistance",0
"205",52,"4/12/2016",5135,3.39000010490417,3.39000010490417,0,0,0,318,1122,1909,2016-04-12,1514.74921566268,"VeryActiveDistance",0
"206",52,"4/12/2016",5135,3.39000010490417,3.39000010490417,0,0,0,318,1122,1909,2016-04-12,1514.74921566268,"ModeratelyActiveDistance",0
"207",52,"4/12/2016",5135,3.39000010490417,3.39000010490417,0,0,0,318,1122,1909,2016-04-12,1514.74921566268,"LightActiveDistance",3.39000010490417
"208",52,"4/12/2016",5135,3.39000010490417,3.39000010490417,0,0,0,318,1122,1909,2016-04-12,1514.74921566268,"SedentaryActiveDistance",0
"209",53,"4/13/2016",4978,3.28999996185303,3.28999996185303,0,19,7,127,1287,1722,2016-04-13,1513.06992635837,"VeryActiveDistance",1.24000000953674
"210",53,"4/13/2016",4978,3.28999996185303,3.28999996185303,0,19,7,127,1287,1722,2016-04-13,1513.06992635837,"ModeratelyActiveDistance",0.439999997615814
"211",53,"4/13/2016",4978,3.28999996185303,3.28999996185303,0,19,7,127,1287,1722,2016-04-13,1513.06992635837,"LightActiveDistance",1.61000001430511
"212",53,"4/13/2016",4978,3.28999996185303,3.28999996185303,0,19,7,127,1287,1722,2016-04-13,1513.06992635837,"SedentaryActiveDistance",0
"213",54,"4/14/2016",6799,4.48999977111816,4.48999977111816,0,0,0,279,1161,1922,2016-04-14,1514.25397474059,"VeryActiveDistance",0
"214",54,"4/14/2016",6799,4.48999977111816,4.48999977111816,0,0,0,279,1161,1922,2016-04-14,1514.25397474059,"ModeratelyActiveDistance",0
"215",54,"4/14/2016",6799,4.48999977111816,4.48999977111816,0,0,0,279,1161,1922,2016-04-14,1514.25397474059,"LightActiveDistance",4.48999977111816
"216",54,"4/14/2016",6799,4.48999977111816,4.48999977111816,0,0,0,279,1161,1922,2016-04-14,1514.25397474059,"SedentaryActiveDistance",0
"217",55,"4/12/2016",7213,5.88000011444092,5.88000011444092,0,0,0,263,718,2947,2016-04-12,1226.70065639715,"VeryActiveDistance",0
"218",55,"4/12/2016",7213,5.88000011444092,5.88000011444092,0,0,0,263,718,2947,2016-04-12,1226.70065639715,"ModeratelyActiveDistance",0
"219",55,"4/12/2016",7213,5.88000011444092,5.88000011444092,0,0,0,263,718,2947,2016-04-12,1226.70065639715,"LightActiveDistance",5.84999990463257
"220",55,"4/12/2016",7213,5.88000011444092,5.88000011444092,0,0,0,263,718,2947,2016-04-12,1226.70065639715,"SedentaryActiveDistance",0
"221",56,"4/13/2016",6877,5.57999992370605,5.57999992370605,0,0,0,258,777,2898,2016-04-13,1232.43729283647,"VeryActiveDistance",0
"222",56,"4/13/2016",6877,5.57999992370605,5.57999992370605,0,0,0,258,777,2898,2016-04-13,1232.43729283647,"ModeratelyActiveDistance",0
"223",56,"4/13/2016",6877,5.57999992370605,5.57999992370605,0,0,0,258,777,2898,2016-04-13,1232.43729283647,"LightActiveDistance",5.57999992370605
"224",56,"4/13/2016",6877,5.57999992370605,5.57999992370605,0,0,0,258,777,2898,2016-04-13,1232.43729283647,"SedentaryActiveDistance",0
"225",57,"4/14/2016",7860,6.36999988555908,6.36999988555908,0,0,0,271,772,2984,2016-04-14,1233.90897036259,"VeryActiveDistance",0
"226",57,"4/14/2016",7860,6.36999988555908,6.36999988555908,0,0,0,271,772,2984,2016-04-14,1233.90897036259,"ModeratelyActiveDistance",0
"227",57,"4/14/2016",7860,6.36999988555908,6.36999988555908,0,0,0,271,772,2984,2016-04-14,1233.90897036259,"LightActiveDistance",6.36999988555908
"228",57,"4/14/2016",7860,6.36999988555908,6.36999988555908,0,0,0,271,772,2984,2016-04-14,1233.90897036259,"SedentaryActiveDistance",0
"229",58,"4/12/2016",11596,7.57000017166138,7.57000017166138,0,19,13,277,767,2026,2016-04-12,1531.83616077185,"VeryActiveDistance",1.37000000476837
"230",58,"4/12/2016",11596,7.57000017166138,7.57000017166138,0,19,13,277,767,2026,2016-04-12,1531.83616077185,"ModeratelyActiveDistance",0.790000021457672
"231",58,"4/12/2016",11596,7.57000017166138,7.57000017166138,0,19,13,277,767,2026,2016-04-12,1531.83616077185,"LightActiveDistance",5.40999984741211
"232",58,"4/12/2016",11596,7.57000017166138,7.57000017166138,0,19,13,277,767,2026,2016-04-12,1531.83616077185,"SedentaryActiveDistance",0
"233",59,"4/13/2016",4832,3.16000008583069,3.16000008583069,0,0,0,226,647,1718,2016-04-13,1529.11388251744,"VeryActiveDistance",0
"234",59,"4/13/2016",4832,3.16000008583069,3.16000008583069,0,0,0,226,647,1718,2016-04-13,1529.11388251744,"ModeratelyActiveDistance",0
"235",59,"4/13/2016",4832,3.16000008583069,3.16000008583069,0,0,0,226,647,1718,2016-04-13,1529.11388251744,"LightActiveDistance",3.16000008583069
"236",59,"4/13/2016",4832,3.16000008583069,3.16000008583069,0,0,0,226,647,1718,2016-04-13,1529.11388251744,"SedentaryActiveDistance",0
"237",60,"4/14/2016",17022,11.1199998855591,11.1199998855591,0,61,41,256,693,2324,2016-04-14,1530.75541143714,"VeryActiveDistance",4
"238",60,"4/14/2016",17022,11.1199998855591,11.1199998855591,0,61,41,256,693,2324,2016-04-14,1530.75541143714,"ModeratelyActiveDistance",2.45000004768372
"239",60,"4/14/2016",17022,11.1199998855591,11.1199998855591,0,61,41,256,693,2324,2016-04-14,1530.75541143714,"LightActiveDistance",4.67000007629395
"240",60,"4/14/2016",17022,11.1199998855591,11.1199998855591,0,61,41,256,693,2324,2016-04-14,1530.75541143714,"SedentaryActiveDistance",0
"241",61,"4/12/2016",8135,6.07999992370605,6.07999992370605,0,86,16,140,728,3405,2016-04-12,1337.99343784224,"VeryActiveDistance",3.59999990463257
"242",61,"4/12/2016",8135,6.07999992370605,6.07999992370605,0,86,16,140,728,3405,2016-04-12,1337.99343784224,"ModeratelyActiveDistance",0.379999995231628
"243",61,"4/12/2016",8135,6.07999992370605,6.07999992370605,0,86,16,140,728,3405,2016-04-12,1337.99343784224,"LightActiveDistance",2.09999990463257
"244",61,"4/12/2016",8135,6.07999992370605,6.07999992370605,0,86,16,140,728,3405,2016-04-12,1337.99343784224,"SedentaryActiveDistance",0
"245",62,"4/13/2016",5077,3.78999996185303,3.78999996185303,0,15,11,144,776,2551,2016-04-13,1339.57784989468,"VeryActiveDistance",0.319999992847443
"246",62,"4/13/2016",5077,3.78999996185303,3.78999996185303,0,15,11,144,776,2551,2016-04-13,1339.57784989468,"ModeratelyActiveDistance",0.219999998807907
"247",62,"4/13/2016",5077,3.78999996185303,3.78999996185303,0,15,11,144,776,2551,2016-04-13,1339.57784989468,"LightActiveDistance",3.25
"248",62,"4/13/2016",5077,3.78999996185303,3.78999996185303,0,15,11,144,776,2551,2016-04-13,1339.57784989468,"SedentaryActiveDistance",0
"249",63,"4/14/2016",8596,6.42000007629395,6.42000007629395,0,118,30,176,662,4022,2016-04-14,1338.94079405715,"VeryActiveDistance",3.32999992370605
"250",63,"4/14/2016",8596,6.42000007629395,6.42000007629395,0,118,30,176,662,4022,2016-04-14,1338.94079405715,"ModeratelyActiveDistance",0.310000002384186
"251",63,"4/14/2016",8596,6.42000007629395,6.42000007629395,0,118,30,176,662,4022,2016-04-14,1338.94079405715,"LightActiveDistance",2.77999997138977
"252",63,"4/14/2016",8596,6.42000007629395,6.42000007629395,0,118,30,176,662,4022,2016-04-14,1338.94079405715,"SedentaryActiveDistance",0
"253",64,"4/12/2016",0,0,0,0,0,0,0,1440,1496,2016-04-12,NA,"VeryActiveDistance",0
"254",64,"4/12/2016",0,0,0,0,0,0,0,1440,1496,2016-04-12,NA,"ModeratelyActiveDistance",0
"255",64,"4/12/2016",0,0,0,0,0,0,0,1440,1496,2016-04-12,NA,"LightActiveDistance",0
"256",64,"4/12/2016",0,0,0,0,0,0,0,1440,1496,2016-04-12,NA,"SedentaryActiveDistance",0
"257",65,"4/13/2016",0,0,0,0,0,0,0,1440,1496,2016-04-13,NA,"VeryActiveDistance",0
"258",65,"4/13/2016",0,0,0,0,0,0,0,1440,1496,2016-04-13,NA,"ModeratelyActiveDistance",0
"259",65,"4/13/2016",0,0,0,0,0,0,0,1440,1496,2016-04-13,NA,"LightActiveDistance",0
"260",65,"4/13/2016",0,0,0,0,0,0,0,1440,1496,2016-04-13,NA,"SedentaryActiveDistance",0
"261",66,"4/14/2016",0,0,0,0,0,0,0,1440,1496,2016-04-14,NA,"VeryActiveDistance",0
"262",66,"4/14/2016",0,0,0,0,0,0,0,1440,1496,2016-04-14,NA,"ModeratelyActiveDistance",0
"263",66,"4/14/2016",0,0,0,0,0,0,0,1440,1496,2016-04-14,NA,"LightActiveDistance",0
"264",66,"4/14/2016",0,0,0,0,0,0,0,1440,1496,2016-04-14,NA,"SedentaryActiveDistance",0
"265",67,"4/12/2016",4562,3.45000004768372,3.45000004768372,0,0,0,199,1241,2560,2016-04-12,1322.31882230345,"VeryActiveDistance",0
"266",67,"4/12/2016",4562,3.45000004768372,3.45000004768372,0,0,0,199,1241,2560,2016-04-12,1322.31882230345,"ModeratelyActiveDistance",0
"267",67,"4/12/2016",4562,3.45000004768372,3.45000004768372,0,0,0,199,1241,2560,2016-04-12,1322.31882230345,"LightActiveDistance",3.45000004768372
"268",67,"4/12/2016",4562,3.45000004768372,3.45000004768372,0,0,0,199,1241,2560,2016-04-12,1322.31882230345,"SedentaryActiveDistance",0
"269",68,"4/13/2016",7142,5.40000009536743,5.40000009536743,0,0,0,350,1090,2905,2016-04-13,1322.59256923477,"VeryActiveDistance",0
"270",68,"4/13/2016",7142,5.40000009536743,5.40000009536743,0,0,0,350,1090,2905,2016-04-13,1322.59256923477,"ModeratelyActiveDistance",0
"271",68,"4/13/2016",7142,5.40000009536743,5.40000009536743,0,0,0,350,1090,2905,2016-04-13,1322.59256923477,"LightActiveDistance",5.3899998664856
"272",68,"4/13/2016",7142,5.40000009536743,5.40000009536743,0,0,0,350,1090,2905,2016-04-13,1322.59256923477,"SedentaryActiveDistance",0.00999999977648258
"273",69,"4/14/2016",7671,5.80000019073486,5.80000019073486,0,0,0,363,1077,2952,2016-04-14,1322.58616340288,"VeryActiveDistance",0
"274",69,"4/14/2016",7671,5.80000019073486,5.80000019073486,0,0,0,363,1077,2952,2016-04-14,1322.58616340288,"ModeratelyActiveDistance",0
"275",69,"4/14/2016",7671,5.80000019073486,5.80000019073486,0,0,0,363,1077,2952,2016-04-14,1322.58616340288,"LightActiveDistance",5.76999998092651
"276",69,"4/14/2016",7671,5.80000019073486,5.80000019073486,0,0,0,363,1077,2952,2016-04-14,1322.58616340288,"SedentaryActiveDistance",0.0299999993294477
"277",70,"4/12/2016",0,0,0,0,0,0,0,1440,1841,2016-04-12,NA,"VeryActiveDistance",0
"278",70,"4/12/2016",0,0,0,0,0,0,0,1440,1841,2016-04-12,NA,"ModeratelyActiveDistance",0
"279",70,"4/12/2016",0,0,0,0,0,0,0,1440,1841,2016-04-12,NA,"LightActiveDistance",0
"280",70,"4/12/2016",0,0,0,0,0,0,0,1440,1841,2016-04-12,NA,"SedentaryActiveDistance",0
"281",71,"4/13/2016",4053,2.91000008583069,2.91000008583069,0,17,18,85,1053,2400,2016-04-13,1392.78346407438,"VeryActiveDistance",1.11000001430511
"282",71,"4/13/2016",4053,2.91000008583069,2.91000008583069,0,17,18,85,1053,2400,2016-04-13,1392.78346407438,"ModeratelyActiveDistance",0.579999983310699
"283",71,"4/13/2016",4053,2.91000008583069,2.91000008583069,0,17,18,85,1053,2400,2016-04-13,1392.78346407438,"LightActiveDistance",1.22000002861023
"284",71,"4/13/2016",4053,2.91000008583069,2.91000008583069,0,17,18,85,1053,2400,2016-04-13,1392.78346407438,"SedentaryActiveDistance",0
"285",72,"4/14/2016",5162,3.70000004768372,3.70000004768372,0,14,24,105,863,2507,2016-04-14,1395.13511715534,"VeryActiveDistance",0.870000004768372
"286",72,"4/14/2016",5162,3.70000004768372,3.70000004768372,0,14,24,105,863,2507,2016-04-14,1395.13511715534,"ModeratelyActiveDistance",0.860000014305115
"287",72,"4/14/2016",5162,3.70000004768372,3.70000004768372,0,14,24,105,863,2507,2016-04-14,1395.13511715534,"LightActiveDistance",1.97000002861023
"288",72,"4/14/2016",5162,3.70000004768372,3.70000004768372,0,14,24,105,863,2507,2016-04-14,1395.13511715534,"SedentaryActiveDistance",0
"289",73,"4/12/2016",10199,6.73999977111816,6.73999977111816,0,50,14,189,796,1994,2016-04-12,1513.20479916099,"VeryActiveDistance",3.40000009536743
"290",73,"4/12/2016",10199,6.73999977111816,6.73999977111816,0,50,14,189,796,1994,2016-04-12,1513.20479916099,"ModeratelyActiveDistance",0.829999983310699
"291",73,"4/12/2016",10199,6.73999977111816,6.73999977111816,0,50,14,189,796,1994,2016-04-12,1513.20479916099,"LightActiveDistance",2.50999999046326
"292",73,"4/12/2016",10199,6.73999977111816,6.73999977111816,0,50,14,189,796,1994,2016-04-12,1513.20479916099,"SedentaryActiveDistance",0
"293",74,"4/13/2016",5652,3.74000000953674,3.74000000953674,0,8,24,142,548,1718,2016-04-13,1511.22994267053,"VeryActiveDistance",0.569999992847443
"294",74,"4/13/2016",5652,3.74000000953674,3.74000000953674,0,8,24,142,548,1718,2016-04-13,1511.22994267053,"ModeratelyActiveDistance",1.21000003814697
"295",74,"4/13/2016",5652,3.74000000953674,3.74000000953674,0,8,24,142,548,1718,2016-04-13,1511.22994267053,"LightActiveDistance",1.96000003814697
"296",74,"4/13/2016",5652,3.74000000953674,3.74000000953674,0,8,24,142,548,1718,2016-04-13,1511.22994267053,"SedentaryActiveDistance",0
"297",75,"4/14/2016",1551,1.02999997138977,1.02999997138977,0,0,0,86,862,1466,2016-04-14,1505.82528454564,"VeryActiveDistance",0
"298",75,"4/14/2016",1551,1.02999997138977,1.02999997138977,0,0,0,86,862,1466,2016-04-14,1505.82528454564,"ModeratelyActiveDistance",0
"299",75,"4/14/2016",1551,1.02999997138977,1.02999997138977,0,0,0,86,862,1466,2016-04-14,1505.82528454564,"LightActiveDistance",1.02999997138977
"300",75,"4/14/2016",1551,1.02999997138977,1.02999997138977,0,0,0,86,862,1466,2016-04-14,1505.82528454564,"SedentaryActiveDistance",0
"301",76,"4/12/2016",14172,10.289999961853,9.47999954223633,4.8697829246521,53,8,355,1024,2937,2016-04-12,1377.25948032442,"VeryActiveDistance",4.5
"302",76,"4/12/2016",14172,10.289999961853,9.47999954223633,4.8697829246521,53,8,355,1024,2937,2016-04-12,1377.25948032442,"ModeratelyActiveDistance",0.379999995231628
"303",76,"4/12/2016",14172,10.289999961853,9.47999954223633,4.8697829246521,53,8,355,1024,2937,2016-04-12,1377.25948032442,"LightActiveDistance",5.40999984741211
"304",76,"4/12/2016",14172,10.289999961853,9.47999954223633,4.8697829246521,53,8,355,1024,2937,2016-04-12,1377.25948032442,"SedentaryActiveDistance",0
"305",77,"4/13/2016",12862,9.64999961853027,8.60000038146973,4.8513069152832,56,22,261,1101,2742,2016-04-13,1332.84979362092,"VeryActiveDistance",4.6100001335144
"306",77,"4/13/2016",12862,9.64999961853027,8.60000038146973,4.8513069152832,56,22,261,1101,2742,2016-04-13,1332.84979362092,"ModeratelyActiveDistance",0.560000002384186
"307",77,"4/13/2016",12862,9.64999961853027,8.60000038146973,4.8513069152832,56,22,261,1101,2742,2016-04-13,1332.84979362092,"LightActiveDistance",4.48000001907349
"308",77,"4/13/2016",12862,9.64999961853027,8.60000038146973,4.8513069152832,56,22,261,1101,2742,2016-04-13,1332.84979362092,"SedentaryActiveDistance",0
"309",78,"4/14/2016",11179,8.23999977111816,7.48000001907349,3.28541493415833,34,6,304,1096,2668,2016-04-14,1356.6747949658,"VeryActiveDistance",2.95000004768372
"310",78,"4/14/2016",11179,8.23999977111816,7.48000001907349,3.28541493415833,34,6,304,1096,2668,2016-04-14,1356.6747949658,"ModeratelyActiveDistance",0.340000003576279
"311",78,"4/14/2016",11179,8.23999977111816,7.48000001907349,3.28541493415833,34,6,304,1096,2668,2016-04-14,1356.6747949658,"LightActiveDistance",4.96000003814697
"312",78,"4/14/2016",11179,8.23999977111816,7.48000001907349,3.28541493415833,34,6,304,1096,2668,2016-04-14,1356.6747949658,"SedentaryActiveDistance",0
"313",79,"4/12/2016",11317,8.40999984741211,8.40999984741211,0,59,6,153,745,2772,2016-04-12,1345.65995307151,"VeryActiveDistance",5.26999998092651
"314",79,"4/12/2016",11317,8.40999984741211,8.40999984741211,0,59,6,153,745,2772,2016-04-12,1345.65995307151,"ModeratelyActiveDistance",0.150000005960464
"315",79,"4/12/2016",11317,8.40999984741211,8.40999984741211,0,59,6,153,745,2772,2016-04-12,1345.65995307151,"LightActiveDistance",2.97000002861023
"316",79,"4/12/2016",11317,8.40999984741211,8.40999984741211,0,59,6,153,745,2772,2016-04-12,1345.65995307151,"SedentaryActiveDistance",0
"317",80,"4/13/2016",5813,3.61999988555908,3.61999988555908,0,31,26,155,744,2516,2016-04-13,1605.80115573739,"VeryActiveDistance",0.560000002384186
"318",80,"4/13/2016",5813,3.61999988555908,3.61999988555908,0,31,26,155,744,2516,2016-04-13,1605.80115573739,"ModeratelyActiveDistance",0.209999993443489
"319",80,"4/13/2016",5813,3.61999988555908,3.61999988555908,0,31,26,155,744,2516,2016-04-13,1605.80115573739,"LightActiveDistance",2.83999991416931
"320",80,"4/13/2016",5813,3.61999988555908,3.61999988555908,0,31,26,155,744,2516,2016-04-13,1605.80115573739,"SedentaryActiveDistance",0
"321",81,"4/14/2016",9123,6.11999988555908,6.11999988555908,0,35,32,189,787,2734,2016-04-14,1490.68630238489,"VeryActiveDistance",2.02999997138977
"322",81,"4/14/2016",9123,6.11999988555908,6.11999988555908,0,35,32,189,787,2734,2016-04-14,1490.68630238489,"ModeratelyActiveDistance",0.330000013113022
"323",81,"4/14/2016",9123,6.11999988555908,6.11999988555908,0,35,32,189,787,2734,2016-04-14,1490.68630238489,"LightActiveDistance",3.66000008583069
"324",81,"4/14/2016",9123,6.11999988555908,6.11999988555908,0,35,32,189,787,2734,2016-04-14,1490.68630238489,"SedentaryActiveDistance",0
"325",82,"4/12/2016",18060,14.1199998855591,14.1199998855591,0,116,8,123,1193,3186,2016-04-12,1279.03683756191,"VeryActiveDistance",11.6400003433228
"326",82,"4/12/2016",18060,14.1199998855591,14.1199998855591,0,116,8,123,1193,3186,2016-04-12,1279.03683756191,"ModeratelyActiveDistance",0.389999985694885
"327",82,"4/12/2016",18060,14.1199998855591,14.1199998855591,0,116,8,123,1193,3186,2016-04-12,1279.03683756191,"LightActiveDistance",2.09999990463257
"328",82,"4/12/2016",18060,14.1199998855591,14.1199998855591,0,116,8,123,1193,3186,2016-04-12,1279.03683756191,"SedentaryActiveDistance",0
"329",83,"4/13/2016",16433,13.3500003814697,13.3500003814697,0,95,12,156,1177,3140,2016-04-13,1230.93629441461,"VeryActiveDistance",10.4300003051758
"330",83,"4/13/2016",16433,13.3500003814697,13.3500003814697,0,95,12,156,1177,3140,2016-04-13,1230.93629441461,"ModeratelyActiveDistance",0.469999998807907
"331",83,"4/13/2016",16433,13.3500003814697,13.3500003814697,0,95,12,156,1177,3140,2016-04-13,1230.93629441461,"LightActiveDistance",2.45000004768372
"332",83,"4/13/2016",16433,13.3500003814697,13.3500003814697,0,95,12,156,1177,3140,2016-04-13,1230.93629441461,"SedentaryActiveDistance",0
"333",84,"4/14/2016",20159,15.9700002670288,15.9700002670288,0,119,5,193,1123,3411,2016-04-14,1262.30429949458,"VeryActiveDistance",12.3400001525879
"334",84,"4/14/2016",20159,15.9700002670288,15.9700002670288,0,119,5,193,1123,3411,2016-04-14,1262.30429949458,"ModeratelyActiveDistance",0.209999993443489
"335",84,"4/14/2016",20159,15.9700002670288,15.9700002670288,0,119,5,193,1123,3411,2016-04-14,1262.30429949458,"LightActiveDistance",3.35999989509583
"336",84,"4/14/2016",20159,15.9700002670288,15.9700002670288,0,119,5,193,1123,3411,2016-04-14,1262.30429949458,"SedentaryActiveDistance",0
"337",85,"4/12/2016",9033,7.15999984741211,7.15999984741211,0,40,2,154,1244,2044,2016-04-12,1261.59220565694,"VeryActiveDistance",5.42999982833862
"338",85,"4/12/2016",9033,7.15999984741211,7.15999984741211,0,40,2,154,1244,2044,2016-04-12,1261.59220565694,"ModeratelyActiveDistance",0.140000000596046
"339",85,"4/12/2016",9033,7.15999984741211,7.15999984741211,0,40,2,154,1244,2044,2016-04-12,1261.59220565694,"LightActiveDistance",1.5900000333786
"340",85,"4/12/2016",9033,7.15999984741211,7.15999984741211,0,40,2,154,1244,2044,2016-04-12,1261.59220565694,"SedentaryActiveDistance",0
"341",86,"4/13/2016",8053,6.09999990463257,6.09999990463257,0,35,11,96,1298,1935,2016-04-13,1320.16395506568,"VeryActiveDistance",4.17000007629395
"342",86,"4/13/2016",8053,6.09999990463257,6.09999990463257,0,35,11,96,1298,1935,2016-04-13,1320.16395506568,"ModeratelyActiveDistance",0.629999995231628
"343",86,"4/13/2016",8053,6.09999990463257,6.09999990463257,0,35,11,96,1298,1935,2016-04-13,1320.16395506568,"LightActiveDistance",1.30999994277954
"344",86,"4/13/2016",8053,6.09999990463257,6.09999990463257,0,35,11,96,1298,1935,2016-04-13,1320.16395506568,"SedentaryActiveDistance",0
"345",87,"4/14/2016",5234,3.46000003814697,3.46000003814697,0,29,16,33,1362,1705,2016-04-14,1512.71674632787,"VeryActiveDistance",1.92999994754791
"346",87,"4/14/2016",5234,3.46000003814697,3.46000003814697,0,29,16,33,1362,1705,2016-04-14,1512.71674632787,"ModeratelyActiveDistance",0.990000009536743
"347",87,"4/14/2016",5234,3.46000003814697,3.46000003814697,0,29,16,33,1362,1705,2016-04-14,1512.71674632787,"LightActiveDistance",0.540000021457672
"348",87,"4/14/2016",5234,3.46000003814697,3.46000003814697,0,29,16,33,1362,1705,2016-04-14,1512.71674632787,"SedentaryActiveDistance",0
"349",88,"4/12/2016",7626,6.05000019073486,6.05000019073486,2.25308108329773,65,15,156,723,3635,2016-04-12,1260.49582802967,"VeryActiveDistance",0.829999983310699
"350",88,"4/12/2016",7626,6.05000019073486,6.05000019073486,2.25308108329773,65,15,156,723,3635,2016-04-12,1260.49582802967,"ModeratelyActiveDistance",0.709999978542328
"351",88,"4/12/2016",7626,6.05000019073486,6.05000019073486,2.25308108329773,65,15,156,723,3635,2016-04-12,1260.49582802967,"LightActiveDistance",4.5
"352",88,"4/12/2016",7626,6.05000019073486,6.05000019073486,2.25308108329773,65,15,156,723,3635,2016-04-12,1260.49582802967,"SedentaryActiveDistance",0
"353",89,"4/13/2016",12386,9.81999969482422,9.81999969482422,2.0921471118927,116,14,169,680,4079,2016-04-13,1261.30350151927,"VeryActiveDistance",4.96000003814697
"354",89,"4/13/2016",12386,9.81999969482422,9.81999969482422,2.0921471118927,116,14,169,680,4079,2016-04-13,1261.30350151927,"ModeratelyActiveDistance",0.649999976158142
"355",89,"4/13/2016",12386,9.81999969482422,9.81999969482422,2.0921471118927,116,14,169,680,4079,2016-04-13,1261.30350151927,"LightActiveDistance",4.21000003814697
"356",89,"4/13/2016",12386,9.81999969482422,9.81999969482422,2.0921471118927,116,14,169,680,4079,2016-04-13,1261.30350151927,"SedentaryActiveDistance",0
"357",90,"4/14/2016",13318,10.5600004196167,10.5600004196167,2.25308108329773,123,21,174,699,4163,2016-04-14,1261.17419230968,"VeryActiveDistance",5.61999988555908
"358",90,"4/14/2016",13318,10.5600004196167,10.5600004196167,2.25308108329773,123,21,174,699,4163,2016-04-14,1261.17419230968,"ModeratelyActiveDistance",1.02999997138977
"359",90,"4/14/2016",13318,10.5600004196167,10.5600004196167,2.25308108329773,123,21,174,699,4163,2016-04-14,1261.17419230968,"LightActiveDistance",3.91000008583069
"360",90,"4/14/2016",13318,10.5600004196167,10.5600004196167,2.25308108329773,123,21,174,699,4163,2016-04-14,1261.17419230968,"SedentaryActiveDistance",0
"361",91,"4/12/2016",5014,3.91000008583069,3.91000008583069,0,0,7,196,1237,2650,2016-04-12,1282.35291302679,"VeryActiveDistance",0
"362",91,"4/12/2016",5014,3.91000008583069,3.91000008583069,0,0,7,196,1237,2650,2016-04-12,1282.35291302679,"ModeratelyActiveDistance",0.330000013113022
"363",91,"4/12/2016",5014,3.91000008583069,3.91000008583069,0,0,7,196,1237,2650,2016-04-12,1282.35291302679,"LightActiveDistance",3.57999992370605
"364",91,"4/12/2016",5014,3.91000008583069,3.91000008583069,0,0,7,196,1237,2650,2016-04-12,1282.35291302679,"SedentaryActiveDistance",0
"365",92,"4/13/2016",5571,4.34999990463257,4.34999990463257,0,2,23,163,1252,2654,2016-04-13,1280.68968324967,"VeryActiveDistance",0.150000005960464
"366",92,"4/13/2016",5571,4.34999990463257,4.34999990463257,0,2,23,163,1252,2654,2016-04-13,1280.68968324967,"ModeratelyActiveDistance",0.970000028610229
"367",92,"4/13/2016",5571,4.34999990463257,4.34999990463257,0,2,23,163,1252,2654,2016-04-13,1280.68968324967,"LightActiveDistance",3.23000001907349
"368",92,"4/13/2016",5571,4.34999990463257,4.34999990463257,0,2,23,163,1252,2654,2016-04-13,1280.68968324967,"SedentaryActiveDistance",0
"369",93,"4/14/2016",3135,2.45000004768372,2.45000004768372,0,0,0,134,1306,2443,2016-04-14,1279.59181183033,"VeryActiveDistance",0
"370",93,"4/14/2016",3135,2.45000004768372,2.45000004768372,0,0,0,134,1306,2443,2016-04-14,1279.59181183033,"ModeratelyActiveDistance",0
"371",93,"4/14/2016",3135,2.45000004768372,2.45000004768372,0,0,0,134,1306,2443,2016-04-14,1279.59181183033,"LightActiveDistance",2.4300000667572
"372",93,"4/14/2016",3135,2.45000004768372,2.45000004768372,0,0,0,134,1306,2443,2016-04-14,1279.59181183033,"SedentaryActiveDistance",0
"373",94,"4/12/2016",2564,1.63999998569489,1.63999998569489,0,0,0,116,831,2044,2016-04-12,1563.41464778343,"VeryActiveDistance",0
"374",94,"4/12/2016",2564,1.63999998569489,1.63999998569489,0,0,0,116,831,2044,2016-04-12,1563.41464778343,"ModeratelyActiveDistance",0
"375",94,"4/12/2016",2564,1.63999998569489,1.63999998569489,0,0,0,116,831,2044,2016-04-12,1563.41464778343,"LightActiveDistance",1.63999998569489
"376",94,"4/12/2016",2564,1.63999998569489,1.63999998569489,0,0,0,116,831,2044,2016-04-12,1563.41464778343,"SedentaryActiveDistance",0
"377",95,"4/13/2016",1320,0.839999973773956,0.839999973773956,0,0,0,82,806,1934,2016-04-13,1571.4286204909,"VeryActiveDistance",0
"378",95,"4/13/2016",1320,0.839999973773956,0.839999973773956,0,0,0,82,806,1934,2016-04-13,1571.4286204909,"ModeratelyActiveDistance",0
"379",95,"4/13/2016",1320,0.839999973773956,0.839999973773956,0,0,0,82,806,1934,2016-04-13,1571.4286204909,"LightActiveDistance",0.839999973773956
"380",95,"4/13/2016",1320,0.839999973773956,0.839999973773956,0,0,0,82,806,1934,2016-04-13,1571.4286204909,"SedentaryActiveDistance",0
"381",96,"4/14/2016",1219,0.779999971389771,0.779999971389771,0,0,0,84,853,1963,2016-04-14,1562.82057014443,"VeryActiveDistance",0
"382",96,"4/14/2016",1219,0.779999971389771,0.779999971389771,0,0,0,84,853,1963,2016-04-14,1562.82057014443,"ModeratelyActiveDistance",0
"383",96,"4/14/2016",1219,0.779999971389771,0.779999971389771,0,0,0,84,853,1963,2016-04-14,1562.82057014443,"LightActiveDistance",0.779999971389771
"384",96,"4/14/2016",1219,0.779999971389771,0.779999971389771,0,0,0,84,853,1963,2016-04-14,1562.82057014443,"SedentaryActiveDistance",0
"385",97,"4/12/2016",23186,20.3999996185303,20.3999996185303,0,85,7,312,1036,3921,2016-04-12,1136.56864870424,"VeryActiveDistance",12.2200002670288
"386",97,"4/12/2016",23186,20.3999996185303,20.3999996185303,0,85,7,312,1036,3921,2016-04-12,1136.56864870424,"ModeratelyActiveDistance",0.340000003576279
"387",97,"4/12/2016",23186,20.3999996185303,20.3999996185303,0,85,7,312,1036,3921,2016-04-12,1136.56864870424,"LightActiveDistance",7.82000017166138
"388",97,"4/12/2016",23186,20.3999996185303,20.3999996185303,0,85,7,312,1036,3921,2016-04-12,1136.56864870424,"SedentaryActiveDistance",0
"389",98,"4/13/2016",15337,9.57999992370605,9.57999992370605,0,108,18,216,1098,3566,2016-04-13,1600.93946995219,"VeryActiveDistance",3.54999995231628
"390",98,"4/13/2016",15337,9.57999992370605,9.57999992370605,0,108,18,216,1098,3566,2016-04-13,1600.93946995219,"ModeratelyActiveDistance",0.379999995231628
"391",98,"4/13/2016",15337,9.57999992370605,9.57999992370605,0,108,18,216,1098,3566,2016-04-13,1600.93946995219,"LightActiveDistance",5.6399998664856
"392",98,"4/13/2016",15337,9.57999992370605,9.57999992370605,0,108,18,216,1098,3566,2016-04-13,1600.93946995219,"SedentaryActiveDistance",0
"393",99,"4/14/2016",21129,18.9799995422363,18.9799995422363,0,68,13,298,1061,3793,2016-04-14,1113.22447363508,"VeryActiveDistance",10.5500001907349
"394",99,"4/14/2016",21129,18.9799995422363,18.9799995422363,0,68,13,298,1061,3793,2016-04-14,1113.22447363508,"ModeratelyActiveDistance",0.589999973773956
"395",99,"4/14/2016",21129,18.9799995422363,18.9799995422363,0,68,13,298,1061,3793,2016-04-14,1113.22447363508,"LightActiveDistance",7.75
"396",99,"4/14/2016",21129,18.9799995422363,18.9799995422363,0,68,13,298,1061,3793,2016-04-14,1113.22447363508,"SedentaryActiveDistance",0.0199999995529652
